{
  "model_type": "IsolationForest",
  "contamination": 0.1,
  "data_points": 12,
  "statistics": {
    "mean": 46.05833333333334,
    "std": 0.836120339557782,
    "min": 44.5,
    "max": 47.3,
    "median": 46.05
  },
  "n_estimators": 100,
  "saved_at": "2026-01-12T11:42:49.429937",
  "model_file": "cpu_anomaly_detector_20260112_114249.pkl"
}